"date","V1"
"2019-05-19",-0.0399578145952331
"2019-05-20",-0.0272003296257953
"2019-05-21",-0.0472577170292619
"2019-05-22",0.0649845800385277
"2019-05-23",-0.373986427461458
"2019-05-24",-0.117296312720518
"2019-05-25",-0.119282066748752
"2019-05-26",-0.107087984822268
"2019-05-27",-0.190450420264284
"2019-05-28",0.223606797749979
"2019-05-30",0
"2019-06-20",-0.0272934829242969
"2019-06-21",-0.0419605127008058
"2019-06-22",-0.0325344020830673
"2019-06-23",-0.047506675904835
"2019-06-24",-0.0378386621281513
"2019-06-25",-0.0131243101583286
"2019-06-26",-0.0176820271866595
"2019-06-27",0.0169688609681865
"2019-06-28",-0.0412740448026427
"2019-06-29",0.0292378935347776
"2019-06-30",0.0330870937705798
"2019-07-01",0.203662350141218
"2019-07-02",0.0855671451154894
"2019-07-03",-0.176776695296637
"2019-07-04",-0.0328267038790234
"2019-07-05",0.50518095409218
"2019-07-06",-0.556846590184406
"2019-07-07",0.0883883476483184
"2019-07-08",0.271360210119987
"2019-07-09",0
"2019-07-12",0.00921576528494282
"2019-07-13",-0.0212103146475225
"2019-07-14",-0.0156216593394631
"2019-07-15",0.0588210670398056
"2019-07-16",-0.0528657073617726
"2019-07-17",-0.0242214576063785
"2019-07-18",-0.0710569685549208
"2019-07-19",-0.055290708678381
"2019-07-20",0.0556938778220034
"2019-07-21",0
"2019-07-22",0
"2019-07-28",-0.00410310113839729
"2019-08-02",-0.00066544556570566
"2019-08-05",-0.0670820393249937
"2019-08-11",-0.336506570070015
"2019-08-28",0.0450609853895348
"2019-09-21",-0.0322661292639295
"2019-09-22",-0.0176992940423033
"2019-09-23",0.0140816602091568
"2019-09-24",-0.0741299182750952
"2019-09-25",-0.0561982899045678
"2019-09-26",0.133333333333333
"2019-09-28",-0.187972343039921
"2019-09-29",0.0842751433194257
"2019-10-04",0.276160982732411
"2019-10-05",-0.0671923619266354
"2019-10-12",0.565685424949238
"2019-10-16",-0.322091066008853
"2019-11-01",0.0438430894226517
"2019-11-17",-0.0905935443697702
"2019-11-28",-0.15
"2020-01-03",-0.0431479934318144
"2020-01-04",-0.0422143726716945
"2020-01-05",-0.02367592937412
"2020-01-06",-0.00956974019095875
"2020-01-07",0.0145597029965918
"2020-01-08",-0.0413556179039535
"2020-01-09",-0.0244937780576335
"2020-01-10",-0.0192169416499723
